time,temperature
18:00:00,4.687832583
00:00:00,4.136599639
20:00:00,4.514974947
06:00:00,4.26584398
22:00:00,4.467204116
04:00:00,4.130918486
12:00:00,5.185055214
10:00:00,5.031490915
14:00:00,5.098405283
16:00:00,4.900331416
08:00:00,4.642865521
